"","Pvalue","R2"
"linear_hexp_withWI",0.455080208152477,-0.0186804182348397
"linear_hexp_withoutWI",0.00584058559618573,0.301575175392697
