"","Pvalue","R2"
"linear_allrich_dist_edge",0.146851204441187,0.0519938929853059
"linear_allrich_dist_edge_woWI",0.000310379752575397,0.478170607216424
